student_id,name,class_id,academic_year
1,Student 001,1,2026-27
2,Student 002,1,2026-27
3,Student 003,1,2026-27
4,Student 004,1,2026-27
5,Student 005,1,2026-27
6,Student 006,1,2026-27
7,Student 007,1,2026-27
8,Student 008,1,2026-27
9,Student 009,1,2026-27
10,Student 010,1,2026-27
11,Student 011,1,2026-27
12,Student 012,1,2026-27
13,Student 013,1,2026-27
14,Student 014,1,2026-27
15,Student 015,1,2026-27
16,Student 016,1,2026-27
17,Student 017,1,2026-27
18,Student 018,1,2026-27
19,Student 019,1,2026-27
20,Student 020,1,2026-27
21,Student 021,1,2026-27
22,Student 022,1,2026-27
23,Student 023,1,2026-27
24,Student 024,1,2026-27
25,Student 025,1,2026-27
26,Student 026,1,2026-27
27,Student 027,1,2026-27
28,Student 028,1,2026-27
29,Student 029,1,2026-27
30,Student 030,1,2026-27
31,Student 031,1,2026-27
32,Student 032,1,2026-27
33,Student 033,1,2026-27
34,Student 034,1,2026-27
35,Student 035,1,2026-27
36,Student 036,1,2026-27
37,Student 037,1,2026-27
38,Student 038,1,2026-27
39,Student 039,1,2026-27
40,Student 040,1,2026-27
41,Student 041,1,2026-27
42,Student 042,1,2026-27
43,Student 043,1,2026-27
44,Student 044,1,2026-27
45,Student 045,1,2026-27
46,Student 046,1,2026-27
47,Student 047,1,2026-27
48,Student 048,1,2026-27
49,Student 049,1,2026-27
50,Student 050,1,2026-27
51,Student 051,1,2026-27
52,Student 052,1,2026-27
53,Student 053,1,2026-27
54,Student 054,1,2026-27
55,Student 055,1,2026-27
56,Student 056,1,2026-27
57,Student 057,1,2026-27
58,Student 058,1,2026-27
59,Student 059,1,2026-27
60,Student 060,1,2026-27
61,Student 061,1,2026-27
62,Student 062,1,2026-27
63,Student 063,1,2026-27
64,Student 064,1,2026-27
65,Student 065,1,2026-27
66,Student 066,1,2026-27
67,Student 067,1,2026-27
68,Student 068,1,2026-27
69,Student 069,1,2026-27
70,Student 070,1,2026-27
71,Student 071,1,2026-27
72,Student 072,1,2026-27
73,Student 073,1,2026-27
74,Student 074,1,2026-27
75,Student 075,1,2026-27
76,Student 076,1,2026-27
77,Student 077,1,2026-27
78,Student 078,1,2026-27
79,Student 079,1,2026-27
80,Student 080,1,2026-27
81,Student 081,2,2026-27
82,Student 082,2,2026-27
83,Student 083,2,2026-27
84,Student 084,2,2026-27
85,Student 085,2,2026-27
86,Student 086,2,2026-27
87,Student 087,2,2026-27
88,Student 088,2,2026-27
89,Student 089,2,2026-27
90,Student 090,2,2026-27
91,Student 091,2,2026-27
92,Student 092,2,2026-27
93,Student 093,2,2026-27
94,Student 094,2,2026-27
95,Student 095,2,2026-27
96,Student 096,2,2026-27
97,Student 097,2,2026-27
98,Student 098,2,2026-27
99,Student 099,2,2026-27
100,Student 100,2,2026-27
101,Student 101,2,2026-27
102,Student 102,2,2026-27
103,Student 103,2,2026-27
104,Student 104,2,2026-27
105,Student 105,2,2026-27
106,Student 106,2,2026-27
107,Student 107,2,2026-27
108,Student 108,2,2026-27
109,Student 109,2,2026-27
110,Student 110,2,2026-27
111,Student 111,2,2026-27
112,Student 112,2,2026-27
113,Student 113,2,2026-27
114,Student 114,2,2026-27
115,Student 115,2,2026-27
116,Student 116,2,2026-27
117,Student 117,2,2026-27
118,Student 118,2,2026-27
119,Student 119,2,2026-27
120,Student 120,2,2026-27
121,Student 121,2,2026-27
122,Student 122,2,2026-27
123,Student 123,2,2026-27
124,Student 124,2,2026-27
125,Student 125,2,2026-27
126,Student 126,2,2026-27
127,Student 127,2,2026-27
128,Student 128,2,2026-27
129,Student 129,2,2026-27
130,Student 130,2,2026-27
131,Student 131,2,2026-27
132,Student 132,2,2026-27
133,Student 133,2,2026-27
134,Student 134,2,2026-27
135,Student 135,2,2026-27
136,Student 136,2,2026-27
137,Student 137,2,2026-27
138,Student 138,2,2026-27
139,Student 139,2,2026-27
140,Student 140,2,2026-27
141,Student 141,2,2026-27
142,Student 142,2,2026-27
143,Student 143,2,2026-27
144,Student 144,2,2026-27
145,Student 145,2,2026-27
146,Student 146,2,2026-27
147,Student 147,2,2026-27
148,Student 148,2,2026-27
149,Student 149,2,2026-27
150,Student 150,2,2026-27
151,Student 151,2,2026-27
152,Student 152,2,2026-27
153,Student 153,2,2026-27
154,Student 154,2,2026-27
155,Student 155,2,2026-27
156,Student 156,2,2026-27
157,Student 157,2,2026-27
158,Student 158,2,2026-27
159,Student 159,2,2026-27
160,Student 160,2,2026-27
161,Student 161,3,2026-27
162,Student 162,3,2026-27
163,Student 163,3,2026-27
164,Student 164,3,2026-27
165,Student 165,3,2026-27
166,Student 166,3,2026-27
167,Student 167,3,2026-27
168,Student 168,3,2026-27
169,Student 169,3,2026-27
170,Student 170,3,2026-27
171,Student 171,3,2026-27
172,Student 172,3,2026-27
173,Student 173,3,2026-27
174,Student 174,3,2026-27
175,Student 175,3,2026-27
176,Student 176,3,2026-27
177,Student 177,3,2026-27
178,Student 178,3,2026-27
179,Student 179,3,2026-27
180,Student 180,3,2026-27
181,Student 181,3,2026-27
182,Student 182,3,2026-27
183,Student 183,3,2026-27
184,Student 184,3,2026-27
185,Student 185,3,2026-27
186,Student 186,3,2026-27
187,Student 187,3,2026-27
188,Student 188,3,2026-27
189,Student 189,3,2026-27
190,Student 190,3,2026-27
191,Student 191,3,2026-27
192,Student 192,3,2026-27
193,Student 193,3,2026-27
194,Student 194,3,2026-27
195,Student 195,3,2026-27
196,Student 196,3,2026-27
197,Student 197,3,2026-27
198,Student 198,3,2026-27
199,Student 199,3,2026-27
200,Student 200,3,2026-27
201,Student 201,3,2026-27
202,Student 202,3,2026-27
203,Student 203,3,2026-27
204,Student 204,3,2026-27
205,Student 205,3,2026-27
206,Student 206,3,2026-27
207,Student 207,3,2026-27
208,Student 208,3,2026-27
209,Student 209,3,2026-27
210,Student 210,3,2026-27
211,Student 211,3,2026-27
212,Student 212,3,2026-27
213,Student 213,3,2026-27
214,Student 214,3,2026-27
215,Student 215,3,2026-27
216,Student 216,3,2026-27
217,Student 217,3,2026-27
218,Student 218,3,2026-27
219,Student 219,3,2026-27
220,Student 220,3,2026-27
221,Student 221,3,2026-27
222,Student 222,3,2026-27
223,Student 223,3,2026-27
224,Student 224,3,2026-27
225,Student 225,3,2026-27
226,Student 226,3,2026-27
227,Student 227,3,2026-27
228,Student 228,3,2026-27
229,Student 229,3,2026-27
230,Student 230,3,2026-27
231,Student 231,3,2026-27
232,Student 232,3,2026-27
233,Student 233,3,2026-27
234,Student 234,3,2026-27
235,Student 235,3,2026-27
236,Student 236,3,2026-27
237,Student 237,3,2026-27
238,Student 238,3,2026-27
239,Student 239,3,2026-27
240,Student 240,3,2026-27
241,Student 241,4,2026-27
242,Student 242,4,2026-27
243,Student 243,4,2026-27
244,Student 244,4,2026-27
245,Student 245,4,2026-27
246,Student 246,4,2026-27
247,Student 247,4,2026-27
248,Student 248,4,2026-27
249,Student 249,4,2026-27
250,Student 250,4,2026-27
251,Student 251,4,2026-27
252,Student 252,4,2026-27
253,Student 253,4,2026-27
254,Student 254,4,2026-27
255,Student 255,4,2026-27
256,Student 256,4,2026-27
257,Student 257,4,2026-27
258,Student 258,4,2026-27
259,Student 259,4,2026-27
260,Student 260,4,2026-27
261,Student 261,4,2026-27
262,Student 262,4,2026-27
263,Student 263,4,2026-27
264,Student 264,4,2026-27
265,Student 265,4,2026-27
266,Student 266,4,2026-27
267,Student 267,4,2026-27
268,Student 268,4,2026-27
269,Student 269,4,2026-27
270,Student 270,4,2026-27
271,Student 271,4,2026-27
272,Student 272,4,2026-27
273,Student 273,4,2026-27
274,Student 274,4,2026-27
275,Student 275,4,2026-27
276,Student 276,4,2026-27
277,Student 277,4,2026-27
278,Student 278,4,2026-27
279,Student 279,4,2026-27
280,Student 280,4,2026-27
281,Student 281,4,2026-27
282,Student 282,4,2026-27
283,Student 283,4,2026-27
284,Student 284,4,2026-27
285,Student 285,4,2026-27
286,Student 286,4,2026-27
287,Student 287,4,2026-27
288,Student 288,4,2026-27
289,Student 289,4,2026-27
290,Student 290,4,2026-27
291,Student 291,4,2026-27
292,Student 292,4,2026-27
293,Student 293,4,2026-27
294,Student 294,4,2026-27
295,Student 295,4,2026-27
296,Student 296,4,2026-27
297,Student 297,4,2026-27
298,Student 298,4,2026-27
299,Student 299,4,2026-27
300,Student 300,4,2026-27
301,Student 301,4,2026-27
302,Student 302,4,2026-27
303,Student 303,4,2026-27
304,Student 304,4,2026-27
305,Student 305,4,2026-27
306,Student 306,4,2026-27
307,Student 307,4,2026-27
308,Student 308,4,2026-27
309,Student 309,4,2026-27
310,Student 310,4,2026-27
311,Student 311,4,2026-27
312,Student 312,4,2026-27
313,Student 313,4,2026-27
314,Student 314,4,2026-27
315,Student 315,4,2026-27
316,Student 316,4,2026-27
317,Student 317,4,2026-27
318,Student 318,4,2026-27
319,Student 319,4,2026-27
320,Student 320,4,2026-27
321,Student 321,5,2026-27
322,Student 322,5,2026-27
323,Student 323,5,2026-27
324,Student 324,5,2026-27
325,Student 325,5,2026-27
326,Student 326,5,2026-27
327,Student 327,5,2026-27
328,Student 328,5,2026-27
329,Student 329,5,2026-27
330,Student 330,5,2026-27
331,Student 331,5,2026-27
332,Student 332,5,2026-27
333,Student 333,5,2026-27
334,Student 334,5,2026-27
335,Student 335,5,2026-27
336,Student 336,5,2026-27
337,Student 337,5,2026-27
338,Student 338,5,2026-27
339,Student 339,5,2026-27
340,Student 340,5,2026-27
341,Student 341,5,2026-27
342,Student 342,5,2026-27
343,Student 343,5,2026-27
344,Student 344,5,2026-27
345,Student 345,5,2026-27
346,Student 346,5,2026-27
347,Student 347,5,2026-27
348,Student 348,5,2026-27
349,Student 349,5,2026-27
350,Student 350,5,2026-27
351,Student 351,5,2026-27
352,Student 352,5,2026-27
353,Student 353,5,2026-27
354,Student 354,5,2026-27
355,Student 355,5,2026-27
356,Student 356,5,2026-27
357,Student 357,5,2026-27
358,Student 358,5,2026-27
359,Student 359,5,2026-27
360,Student 360,5,2026-27
361,Student 361,5,2026-27
362,Student 362,5,2026-27
363,Student 363,5,2026-27
364,Student 364,5,2026-27
365,Student 365,5,2026-27
366,Student 366,5,2026-27
367,Student 367,5,2026-27
368,Student 368,5,2026-27
369,Student 369,5,2026-27
370,Student 370,5,2026-27
371,Student 371,5,2026-27
372,Student 372,5,2026-27
373,Student 373,5,2026-27
374,Student 374,5,2026-27
375,Student 375,5,2026-27
376,Student 376,5,2026-27
377,Student 377,5,2026-27
378,Student 378,5,2026-27
379,Student 379,5,2026-27
380,Student 380,5,2026-27
381,Student 381,5,2026-27
382,Student 382,5,2026-27
383,Student 383,5,2026-27
384,Student 384,5,2026-27
385,Student 385,5,2026-27
386,Student 386,5,2026-27
387,Student 387,5,2026-27
388,Student 388,5,2026-27
389,Student 389,5,2026-27
390,Student 390,5,2026-27
391,Student 391,5,2026-27
392,Student 392,5,2026-27
393,Student 393,5,2026-27
394,Student 394,5,2026-27
395,Student 395,5,2026-27
396,Student 396,5,2026-27
397,Student 397,5,2026-27
398,Student 398,5,2026-27
399,Student 399,5,2026-27
400,Student 400,5,2026-27
401,Student 401,6,2026-27
402,Student 402,6,2026-27
403,Student 403,6,2026-27
404,Student 404,6,2026-27
405,Student 405,6,2026-27
406,Student 406,6,2026-27
407,Student 407,6,2026-27
408,Student 408,6,2026-27
409,Student 409,6,2026-27
410,Student 410,6,2026-27
411,Student 411,6,2026-27
412,Student 412,6,2026-27
413,Student 413,6,2026-27
414,Student 414,6,2026-27
415,Student 415,6,2026-27
416,Student 416,6,2026-27
417,Student 417,6,2026-27
418,Student 418,6,2026-27
419,Student 419,6,2026-27
420,Student 420,6,2026-27
421,Student 421,6,2026-27
422,Student 422,6,2026-27
423,Student 423,6,2026-27
424,Student 424,6,2026-27
425,Student 425,6,2026-27
426,Student 426,6,2026-27
427,Student 427,6,2026-27
428,Student 428,6,2026-27
429,Student 429,6,2026-27
430,Student 430,6,2026-27
431,Student 431,6,2026-27
432,Student 432,6,2026-27
433,Student 433,6,2026-27
434,Student 434,6,2026-27
435,Student 435,6,2026-27
436,Student 436,6,2026-27
437,Student 437,6,2026-27
438,Student 438,6,2026-27
439,Student 439,6,2026-27
440,Student 440,6,2026-27
441,Student 441,6,2026-27
442,Student 442,6,2026-27
443,Student 443,6,2026-27
444,Student 444,6,2026-27
445,Student 445,6,2026-27
446,Student 446,6,2026-27
447,Student 447,6,2026-27
448,Student 448,6,2026-27
449,Student 449,6,2026-27
450,Student 450,6,2026-27
451,Student 451,6,2026-27
452,Student 452,6,2026-27
453,Student 453,6,2026-27
454,Student 454,6,2026-27
455,Student 455,6,2026-27
456,Student 456,6,2026-27
457,Student 457,6,2026-27
458,Student 458,6,2026-27
459,Student 459,6,2026-27
460,Student 460,6,2026-27
461,Student 461,6,2026-27
462,Student 462,6,2026-27
463,Student 463,6,2026-27
464,Student 464,6,2026-27
465,Student 465,6,2026-27
466,Student 466,6,2026-27
467,Student 467,6,2026-27
468,Student 468,6,2026-27
469,Student 469,6,2026-27
470,Student 470,6,2026-27
471,Student 471,6,2026-27
472,Student 472,6,2026-27
473,Student 473,6,2026-27
474,Student 474,6,2026-27
475,Student 475,6,2026-27
476,Student 476,6,2026-27
477,Student 477,6,2026-27
478,Student 478,6,2026-27
479,Student 479,6,2026-27
480,Student 480,6,2026-27
