email,student_id,class_id,role
admin@example.test,1,1,admin
admin@example.test,2,1,admin
admin@example.test,3,1,admin
admin@example.test,4,1,admin
admin@example.test,5,1,admin
admin@example.test,6,1,admin
admin@example.test,7,1,admin
admin@example.test,8,1,admin
admin@example.test,9,1,admin
admin@example.test,10,1,admin
admin@example.test,11,1,admin
admin@example.test,12,1,admin
admin@example.test,13,1,admin
admin@example.test,14,1,admin
admin@example.test,15,1,admin
admin@example.test,16,1,admin
admin@example.test,17,1,admin
admin@example.test,18,1,admin
admin@example.test,19,1,admin
admin@example.test,20,1,admin
admin@example.test,21,1,admin
admin@example.test,22,1,admin
admin@example.test,23,1,admin
admin@example.test,24,1,admin
admin@example.test,25,1,admin
admin@example.test,26,1,admin
admin@example.test,27,1,admin
admin@example.test,28,1,admin
admin@example.test,29,1,admin
admin@example.test,30,1,admin
admin@example.test,31,1,admin
admin@example.test,32,1,admin
admin@example.test,33,1,admin
admin@example.test,34,1,admin
admin@example.test,35,1,admin
admin@example.test,36,1,admin
admin@example.test,37,1,admin
admin@example.test,38,1,admin
admin@example.test,39,1,admin
admin@example.test,40,1,admin
admin@example.test,41,1,admin
admin@example.test,42,1,admin
admin@example.test,43,1,admin
admin@example.test,44,1,admin
admin@example.test,45,1,admin
admin@example.test,46,1,admin
admin@example.test,47,1,admin
admin@example.test,48,1,admin
admin@example.test,49,1,admin
admin@example.test,50,1,admin
admin@example.test,51,1,admin
admin@example.test,52,1,admin
admin@example.test,53,1,admin
admin@example.test,54,1,admin
admin@example.test,55,1,admin
admin@example.test,56,1,admin
admin@example.test,57,1,admin
admin@example.test,58,1,admin
admin@example.test,59,1,admin
admin@example.test,60,1,admin
admin@example.test,61,1,admin
admin@example.test,62,1,admin
admin@example.test,63,1,admin
admin@example.test,64,1,admin
admin@example.test,65,1,admin
admin@example.test,66,1,admin
admin@example.test,67,1,admin
admin@example.test,68,1,admin
admin@example.test,69,1,admin
admin@example.test,70,1,admin
admin@example.test,71,1,admin
admin@example.test,72,1,admin
admin@example.test,73,1,admin
admin@example.test,74,1,admin
admin@example.test,75,1,admin
admin@example.test,76,1,admin
admin@example.test,77,1,admin
admin@example.test,78,1,admin
admin@example.test,79,1,admin
admin@example.test,80,1,admin
admin@example.test,81,2,admin
admin@example.test,82,2,admin
admin@example.test,83,2,admin
admin@example.test,84,2,admin
admin@example.test,85,2,admin
admin@example.test,86,2,admin
admin@example.test,87,2,admin
admin@example.test,88,2,admin
admin@example.test,89,2,admin
admin@example.test,90,2,admin
admin@example.test,91,2,admin
admin@example.test,92,2,admin
admin@example.test,93,2,admin
admin@example.test,94,2,admin
admin@example.test,95,2,admin
admin@example.test,96,2,admin
admin@example.test,97,2,admin
admin@example.test,98,2,admin
admin@example.test,99,2,admin
admin@example.test,100,2,admin
admin@example.test,101,2,admin
admin@example.test,102,2,admin
admin@example.test,103,2,admin
admin@example.test,104,2,admin
admin@example.test,105,2,admin
admin@example.test,106,2,admin
admin@example.test,107,2,admin
admin@example.test,108,2,admin
admin@example.test,109,2,admin
admin@example.test,110,2,admin
admin@example.test,111,2,admin
admin@example.test,112,2,admin
admin@example.test,113,2,admin
admin@example.test,114,2,admin
admin@example.test,115,2,admin
admin@example.test,116,2,admin
admin@example.test,117,2,admin
admin@example.test,118,2,admin
admin@example.test,119,2,admin
admin@example.test,120,2,admin
admin@example.test,121,2,admin
admin@example.test,122,2,admin
admin@example.test,123,2,admin
admin@example.test,124,2,admin
admin@example.test,125,2,admin
admin@example.test,126,2,admin
admin@example.test,127,2,admin
admin@example.test,128,2,admin
admin@example.test,129,2,admin
admin@example.test,130,2,admin
admin@example.test,131,2,admin
admin@example.test,132,2,admin
admin@example.test,133,2,admin
admin@example.test,134,2,admin
admin@example.test,135,2,admin
admin@example.test,136,2,admin
admin@example.test,137,2,admin
admin@example.test,138,2,admin
admin@example.test,139,2,admin
admin@example.test,140,2,admin
admin@example.test,141,2,admin
admin@example.test,142,2,admin
admin@example.test,143,2,admin
admin@example.test,144,2,admin
admin@example.test,145,2,admin
admin@example.test,146,2,admin
admin@example.test,147,2,admin
admin@example.test,148,2,admin
admin@example.test,149,2,admin
admin@example.test,150,2,admin
admin@example.test,151,2,admin
admin@example.test,152,2,admin
admin@example.test,153,2,admin
admin@example.test,154,2,admin
admin@example.test,155,2,admin
admin@example.test,156,2,admin
admin@example.test,157,2,admin
admin@example.test,158,2,admin
admin@example.test,159,2,admin
admin@example.test,160,2,admin
admin@example.test,161,3,admin
admin@example.test,162,3,admin
admin@example.test,163,3,admin
admin@example.test,164,3,admin
admin@example.test,165,3,admin
admin@example.test,166,3,admin
admin@example.test,167,3,admin
admin@example.test,168,3,admin
admin@example.test,169,3,admin
admin@example.test,170,3,admin
admin@example.test,171,3,admin
admin@example.test,172,3,admin
admin@example.test,173,3,admin
admin@example.test,174,3,admin
admin@example.test,175,3,admin
admin@example.test,176,3,admin
admin@example.test,177,3,admin
admin@example.test,178,3,admin
admin@example.test,179,3,admin
admin@example.test,180,3,admin
admin@example.test,181,3,admin
admin@example.test,182,3,admin
admin@example.test,183,3,admin
admin@example.test,184,3,admin
admin@example.test,185,3,admin
admin@example.test,186,3,admin
admin@example.test,187,3,admin
admin@example.test,188,3,admin
admin@example.test,189,3,admin
admin@example.test,190,3,admin
admin@example.test,191,3,admin
admin@example.test,192,3,admin
admin@example.test,193,3,admin
admin@example.test,194,3,admin
admin@example.test,195,3,admin
admin@example.test,196,3,admin
admin@example.test,197,3,admin
admin@example.test,198,3,admin
admin@example.test,199,3,admin
admin@example.test,200,3,admin
admin@example.test,201,3,admin
admin@example.test,202,3,admin
admin@example.test,203,3,admin
admin@example.test,204,3,admin
admin@example.test,205,3,admin
admin@example.test,206,3,admin
admin@example.test,207,3,admin
admin@example.test,208,3,admin
admin@example.test,209,3,admin
admin@example.test,210,3,admin
admin@example.test,211,3,admin
admin@example.test,212,3,admin
admin@example.test,213,3,admin
admin@example.test,214,3,admin
admin@example.test,215,3,admin
admin@example.test,216,3,admin
admin@example.test,217,3,admin
admin@example.test,218,3,admin
admin@example.test,219,3,admin
admin@example.test,220,3,admin
admin@example.test,221,3,admin
admin@example.test,222,3,admin
admin@example.test,223,3,admin
admin@example.test,224,3,admin
admin@example.test,225,3,admin
admin@example.test,226,3,admin
admin@example.test,227,3,admin
admin@example.test,228,3,admin
admin@example.test,229,3,admin
admin@example.test,230,3,admin
admin@example.test,231,3,admin
admin@example.test,232,3,admin
admin@example.test,233,3,admin
admin@example.test,234,3,admin
admin@example.test,235,3,admin
admin@example.test,236,3,admin
admin@example.test,237,3,admin
admin@example.test,238,3,admin
admin@example.test,239,3,admin
admin@example.test,240,3,admin
admin@example.test,241,4,admin
admin@example.test,242,4,admin
admin@example.test,243,4,admin
admin@example.test,244,4,admin
admin@example.test,245,4,admin
admin@example.test,246,4,admin
admin@example.test,247,4,admin
admin@example.test,248,4,admin
admin@example.test,249,4,admin
admin@example.test,250,4,admin
admin@example.test,251,4,admin
admin@example.test,252,4,admin
admin@example.test,253,4,admin
admin@example.test,254,4,admin
admin@example.test,255,4,admin
admin@example.test,256,4,admin
admin@example.test,257,4,admin
admin@example.test,258,4,admin
admin@example.test,259,4,admin
admin@example.test,260,4,admin
admin@example.test,261,4,admin
admin@example.test,262,4,admin
admin@example.test,263,4,admin
admin@example.test,264,4,admin
admin@example.test,265,4,admin
admin@example.test,266,4,admin
admin@example.test,267,4,admin
admin@example.test,268,4,admin
admin@example.test,269,4,admin
admin@example.test,270,4,admin
admin@example.test,271,4,admin
admin@example.test,272,4,admin
admin@example.test,273,4,admin
admin@example.test,274,4,admin
admin@example.test,275,4,admin
admin@example.test,276,4,admin
admin@example.test,277,4,admin
admin@example.test,278,4,admin
admin@example.test,279,4,admin
admin@example.test,280,4,admin
admin@example.test,281,4,admin
admin@example.test,282,4,admin
admin@example.test,283,4,admin
admin@example.test,284,4,admin
admin@example.test,285,4,admin
admin@example.test,286,4,admin
admin@example.test,287,4,admin
admin@example.test,288,4,admin
admin@example.test,289,4,admin
admin@example.test,290,4,admin
admin@example.test,291,4,admin
admin@example.test,292,4,admin
admin@example.test,293,4,admin
admin@example.test,294,4,admin
admin@example.test,295,4,admin
admin@example.test,296,4,admin
admin@example.test,297,4,admin
admin@example.test,298,4,admin
admin@example.test,299,4,admin
admin@example.test,300,4,admin
admin@example.test,301,4,admin
admin@example.test,302,4,admin
admin@example.test,303,4,admin
admin@example.test,304,4,admin
admin@example.test,305,4,admin
admin@example.test,306,4,admin
admin@example.test,307,4,admin
admin@example.test,308,4,admin
admin@example.test,309,4,admin
admin@example.test,310,4,admin
admin@example.test,311,4,admin
admin@example.test,312,4,admin
admin@example.test,313,4,admin
admin@example.test,314,4,admin
admin@example.test,315,4,admin
admin@example.test,316,4,admin
admin@example.test,317,4,admin
admin@example.test,318,4,admin
admin@example.test,319,4,admin
admin@example.test,320,4,admin
admin@example.test,321,5,admin
admin@example.test,322,5,admin
admin@example.test,323,5,admin
admin@example.test,324,5,admin
admin@example.test,325,5,admin
admin@example.test,326,5,admin
admin@example.test,327,5,admin
admin@example.test,328,5,admin
admin@example.test,329,5,admin
admin@example.test,330,5,admin
admin@example.test,331,5,admin
admin@example.test,332,5,admin
admin@example.test,333,5,admin
admin@example.test,334,5,admin
admin@example.test,335,5,admin
admin@example.test,336,5,admin
admin@example.test,337,5,admin
admin@example.test,338,5,admin
admin@example.test,339,5,admin
admin@example.test,340,5,admin
admin@example.test,341,5,admin
admin@example.test,342,5,admin
admin@example.test,343,5,admin
admin@example.test,344,5,admin
admin@example.test,345,5,admin
admin@example.test,346,5,admin
admin@example.test,347,5,admin
admin@example.test,348,5,admin
admin@example.test,349,5,admin
admin@example.test,350,5,admin
admin@example.test,351,5,admin
admin@example.test,352,5,admin
admin@example.test,353,5,admin
admin@example.test,354,5,admin
admin@example.test,355,5,admin
admin@example.test,356,5,admin
admin@example.test,357,5,admin
admin@example.test,358,5,admin
admin@example.test,359,5,admin
admin@example.test,360,5,admin
admin@example.test,361,5,admin
admin@example.test,362,5,admin
admin@example.test,363,5,admin
admin@example.test,364,5,admin
admin@example.test,365,5,admin
admin@example.test,366,5,admin
admin@example.test,367,5,admin
admin@example.test,368,5,admin
admin@example.test,369,5,admin
admin@example.test,370,5,admin
admin@example.test,371,5,admin
admin@example.test,372,5,admin
admin@example.test,373,5,admin
admin@example.test,374,5,admin
admin@example.test,375,5,admin
admin@example.test,376,5,admin
admin@example.test,377,5,admin
admin@example.test,378,5,admin
admin@example.test,379,5,admin
admin@example.test,380,5,admin
admin@example.test,381,5,admin
admin@example.test,382,5,admin
admin@example.test,383,5,admin
admin@example.test,384,5,admin
admin@example.test,385,5,admin
admin@example.test,386,5,admin
admin@example.test,387,5,admin
admin@example.test,388,5,admin
admin@example.test,389,5,admin
admin@example.test,390,5,admin
admin@example.test,391,5,admin
admin@example.test,392,5,admin
admin@example.test,393,5,admin
admin@example.test,394,5,admin
admin@example.test,395,5,admin
admin@example.test,396,5,admin
admin@example.test,397,5,admin
admin@example.test,398,5,admin
admin@example.test,399,5,admin
admin@example.test,400,5,admin
admin@example.test,401,6,admin
admin@example.test,402,6,admin
admin@example.test,403,6,admin
admin@example.test,404,6,admin
admin@example.test,405,6,admin
admin@example.test,406,6,admin
admin@example.test,407,6,admin
admin@example.test,408,6,admin
admin@example.test,409,6,admin
admin@example.test,410,6,admin
admin@example.test,411,6,admin
admin@example.test,412,6,admin
admin@example.test,413,6,admin
admin@example.test,414,6,admin
admin@example.test,415,6,admin
admin@example.test,416,6,admin
admin@example.test,417,6,admin
admin@example.test,418,6,admin
admin@example.test,419,6,admin
admin@example.test,420,6,admin
admin@example.test,421,6,admin
admin@example.test,422,6,admin
admin@example.test,423,6,admin
admin@example.test,424,6,admin
admin@example.test,425,6,admin
admin@example.test,426,6,admin
admin@example.test,427,6,admin
admin@example.test,428,6,admin
admin@example.test,429,6,admin
admin@example.test,430,6,admin
admin@example.test,431,6,admin
admin@example.test,432,6,admin
admin@example.test,433,6,admin
admin@example.test,434,6,admin
admin@example.test,435,6,admin
admin@example.test,436,6,admin
admin@example.test,437,6,admin
admin@example.test,438,6,admin
admin@example.test,439,6,admin
admin@example.test,440,6,admin
admin@example.test,441,6,admin
admin@example.test,442,6,admin
admin@example.test,443,6,admin
admin@example.test,444,6,admin
admin@example.test,445,6,admin
admin@example.test,446,6,admin
admin@example.test,447,6,admin
admin@example.test,448,6,admin
admin@example.test,449,6,admin
admin@example.test,450,6,admin
admin@example.test,451,6,admin
admin@example.test,452,6,admin
admin@example.test,453,6,admin
admin@example.test,454,6,admin
admin@example.test,455,6,admin
admin@example.test,456,6,admin
admin@example.test,457,6,admin
admin@example.test,458,6,admin
admin@example.test,459,6,admin
admin@example.test,460,6,admin
admin@example.test,461,6,admin
admin@example.test,462,6,admin
admin@example.test,463,6,admin
admin@example.test,464,6,admin
admin@example.test,465,6,admin
admin@example.test,466,6,admin
admin@example.test,467,6,admin
admin@example.test,468,6,admin
admin@example.test,469,6,admin
admin@example.test,470,6,admin
admin@example.test,471,6,admin
admin@example.test,472,6,admin
admin@example.test,473,6,admin
admin@example.test,474,6,admin
admin@example.test,475,6,admin
admin@example.test,476,6,admin
admin@example.test,477,6,admin
admin@example.test,478,6,admin
admin@example.test,479,6,admin
admin@example.test,480,6,admin
teacher.a@example.test,1,1,teacher
teacher.a@example.test,2,1,teacher
teacher.a@example.test,3,1,teacher
teacher.a@example.test,4,1,teacher
teacher.a@example.test,5,1,teacher
teacher.a@example.test,6,1,teacher
teacher.a@example.test,7,1,teacher
teacher.a@example.test,8,1,teacher
teacher.a@example.test,9,1,teacher
teacher.a@example.test,10,1,teacher
teacher.a@example.test,11,1,teacher
teacher.a@example.test,12,1,teacher
teacher.a@example.test,13,1,teacher
teacher.a@example.test,14,1,teacher
teacher.a@example.test,15,1,teacher
teacher.a@example.test,16,1,teacher
teacher.a@example.test,17,1,teacher
teacher.a@example.test,18,1,teacher
teacher.a@example.test,19,1,teacher
teacher.a@example.test,20,1,teacher
teacher.a@example.test,21,1,teacher
teacher.a@example.test,22,1,teacher
teacher.a@example.test,23,1,teacher
teacher.a@example.test,24,1,teacher
teacher.a@example.test,25,1,teacher
teacher.a@example.test,26,1,teacher
teacher.a@example.test,27,1,teacher
teacher.a@example.test,28,1,teacher
teacher.a@example.test,29,1,teacher
teacher.a@example.test,30,1,teacher
teacher.a@example.test,31,1,teacher
teacher.a@example.test,32,1,teacher
teacher.a@example.test,33,1,teacher
teacher.a@example.test,34,1,teacher
teacher.a@example.test,35,1,teacher
teacher.a@example.test,36,1,teacher
teacher.a@example.test,37,1,teacher
teacher.a@example.test,38,1,teacher
teacher.a@example.test,39,1,teacher
teacher.a@example.test,40,1,teacher
teacher.a@example.test,41,1,teacher
teacher.a@example.test,42,1,teacher
teacher.a@example.test,43,1,teacher
teacher.a@example.test,44,1,teacher
teacher.a@example.test,45,1,teacher
teacher.a@example.test,46,1,teacher
teacher.a@example.test,47,1,teacher
teacher.a@example.test,48,1,teacher
teacher.a@example.test,49,1,teacher
teacher.a@example.test,50,1,teacher
teacher.a@example.test,51,1,teacher
teacher.a@example.test,52,1,teacher
teacher.a@example.test,53,1,teacher
teacher.a@example.test,54,1,teacher
teacher.a@example.test,55,1,teacher
teacher.a@example.test,56,1,teacher
teacher.a@example.test,57,1,teacher
teacher.a@example.test,58,1,teacher
teacher.a@example.test,59,1,teacher
teacher.a@example.test,60,1,teacher
teacher.a@example.test,61,1,teacher
teacher.a@example.test,62,1,teacher
teacher.a@example.test,63,1,teacher
teacher.a@example.test,64,1,teacher
teacher.a@example.test,65,1,teacher
teacher.a@example.test,66,1,teacher
teacher.a@example.test,67,1,teacher
teacher.a@example.test,68,1,teacher
teacher.a@example.test,69,1,teacher
teacher.a@example.test,70,1,teacher
teacher.a@example.test,71,1,teacher
teacher.a@example.test,72,1,teacher
teacher.a@example.test,73,1,teacher
teacher.a@example.test,74,1,teacher
teacher.a@example.test,75,1,teacher
teacher.a@example.test,76,1,teacher
teacher.a@example.test,77,1,teacher
teacher.a@example.test,78,1,teacher
teacher.a@example.test,79,1,teacher
teacher.a@example.test,80,1,teacher
teacher.a@example.test,81,2,teacher
teacher.a@example.test,82,2,teacher
teacher.a@example.test,83,2,teacher
teacher.a@example.test,84,2,teacher
teacher.a@example.test,85,2,teacher
teacher.a@example.test,86,2,teacher
teacher.a@example.test,87,2,teacher
teacher.a@example.test,88,2,teacher
teacher.a@example.test,89,2,teacher
teacher.a@example.test,90,2,teacher
teacher.a@example.test,91,2,teacher
teacher.a@example.test,92,2,teacher
teacher.a@example.test,93,2,teacher
teacher.a@example.test,94,2,teacher
teacher.a@example.test,95,2,teacher
teacher.a@example.test,96,2,teacher
teacher.a@example.test,97,2,teacher
teacher.a@example.test,98,2,teacher
teacher.a@example.test,99,2,teacher
teacher.a@example.test,100,2,teacher
teacher.a@example.test,101,2,teacher
teacher.a@example.test,102,2,teacher
teacher.a@example.test,103,2,teacher
teacher.a@example.test,104,2,teacher
teacher.a@example.test,105,2,teacher
teacher.a@example.test,106,2,teacher
teacher.a@example.test,107,2,teacher
teacher.a@example.test,108,2,teacher
teacher.a@example.test,109,2,teacher
teacher.a@example.test,110,2,teacher
teacher.a@example.test,111,2,teacher
teacher.a@example.test,112,2,teacher
teacher.a@example.test,113,2,teacher
teacher.a@example.test,114,2,teacher
teacher.a@example.test,115,2,teacher
teacher.a@example.test,116,2,teacher
teacher.a@example.test,117,2,teacher
teacher.a@example.test,118,2,teacher
teacher.a@example.test,119,2,teacher
teacher.a@example.test,120,2,teacher
teacher.a@example.test,121,2,teacher
teacher.a@example.test,122,2,teacher
teacher.a@example.test,123,2,teacher
teacher.a@example.test,124,2,teacher
teacher.a@example.test,125,2,teacher
teacher.a@example.test,126,2,teacher
teacher.a@example.test,127,2,teacher
teacher.a@example.test,128,2,teacher
teacher.a@example.test,129,2,teacher
teacher.a@example.test,130,2,teacher
teacher.a@example.test,131,2,teacher
teacher.a@example.test,132,2,teacher
teacher.a@example.test,133,2,teacher
teacher.a@example.test,134,2,teacher
teacher.a@example.test,135,2,teacher
teacher.a@example.test,136,2,teacher
teacher.a@example.test,137,2,teacher
teacher.a@example.test,138,2,teacher
teacher.a@example.test,139,2,teacher
teacher.a@example.test,140,2,teacher
teacher.a@example.test,141,2,teacher
teacher.a@example.test,142,2,teacher
teacher.a@example.test,143,2,teacher
teacher.a@example.test,144,2,teacher
teacher.a@example.test,145,2,teacher
teacher.a@example.test,146,2,teacher
teacher.a@example.test,147,2,teacher
teacher.a@example.test,148,2,teacher
teacher.a@example.test,149,2,teacher
teacher.a@example.test,150,2,teacher
teacher.a@example.test,151,2,teacher
teacher.a@example.test,152,2,teacher
teacher.a@example.test,153,2,teacher
teacher.a@example.test,154,2,teacher
teacher.a@example.test,155,2,teacher
teacher.a@example.test,156,2,teacher
teacher.a@example.test,157,2,teacher
teacher.a@example.test,158,2,teacher
teacher.a@example.test,159,2,teacher
teacher.a@example.test,160,2,teacher
teacher.a@example.test,161,3,teacher
teacher.a@example.test,162,3,teacher
teacher.a@example.test,163,3,teacher
teacher.a@example.test,164,3,teacher
teacher.a@example.test,165,3,teacher
teacher.a@example.test,166,3,teacher
teacher.a@example.test,167,3,teacher
teacher.a@example.test,168,3,teacher
teacher.a@example.test,169,3,teacher
teacher.a@example.test,170,3,teacher
teacher.a@example.test,171,3,teacher
teacher.a@example.test,172,3,teacher
teacher.a@example.test,173,3,teacher
teacher.a@example.test,174,3,teacher
teacher.a@example.test,175,3,teacher
teacher.a@example.test,176,3,teacher
teacher.a@example.test,177,3,teacher
teacher.a@example.test,178,3,teacher
teacher.a@example.test,179,3,teacher
teacher.a@example.test,180,3,teacher
teacher.a@example.test,181,3,teacher
teacher.a@example.test,182,3,teacher
teacher.a@example.test,183,3,teacher
teacher.a@example.test,184,3,teacher
teacher.a@example.test,185,3,teacher
teacher.a@example.test,186,3,teacher
teacher.a@example.test,187,3,teacher
teacher.a@example.test,188,3,teacher
teacher.a@example.test,189,3,teacher
teacher.a@example.test,190,3,teacher
teacher.a@example.test,191,3,teacher
teacher.a@example.test,192,3,teacher
teacher.a@example.test,193,3,teacher
teacher.a@example.test,194,3,teacher
teacher.a@example.test,195,3,teacher
teacher.a@example.test,196,3,teacher
teacher.a@example.test,197,3,teacher
teacher.a@example.test,198,3,teacher
teacher.a@example.test,199,3,teacher
teacher.a@example.test,200,3,teacher
teacher.a@example.test,201,3,teacher
teacher.a@example.test,202,3,teacher
teacher.a@example.test,203,3,teacher
teacher.a@example.test,204,3,teacher
teacher.a@example.test,205,3,teacher
teacher.a@example.test,206,3,teacher
teacher.a@example.test,207,3,teacher
teacher.a@example.test,208,3,teacher
teacher.a@example.test,209,3,teacher
teacher.a@example.test,210,3,teacher
teacher.a@example.test,211,3,teacher
teacher.a@example.test,212,3,teacher
teacher.a@example.test,213,3,teacher
teacher.a@example.test,214,3,teacher
teacher.a@example.test,215,3,teacher
teacher.a@example.test,216,3,teacher
teacher.a@example.test,217,3,teacher
teacher.a@example.test,218,3,teacher
teacher.a@example.test,219,3,teacher
teacher.a@example.test,220,3,teacher
teacher.a@example.test,221,3,teacher
teacher.a@example.test,222,3,teacher
teacher.a@example.test,223,3,teacher
teacher.a@example.test,224,3,teacher
teacher.a@example.test,225,3,teacher
teacher.a@example.test,226,3,teacher
teacher.a@example.test,227,3,teacher
teacher.a@example.test,228,3,teacher
teacher.a@example.test,229,3,teacher
teacher.a@example.test,230,3,teacher
teacher.a@example.test,231,3,teacher
teacher.a@example.test,232,3,teacher
teacher.a@example.test,233,3,teacher
teacher.a@example.test,234,3,teacher
teacher.a@example.test,235,3,teacher
teacher.a@example.test,236,3,teacher
teacher.a@example.test,237,3,teacher
teacher.a@example.test,238,3,teacher
teacher.a@example.test,239,3,teacher
teacher.a@example.test,240,3,teacher
teacher.b@example.test,241,4,teacher
teacher.b@example.test,242,4,teacher
teacher.b@example.test,243,4,teacher
teacher.b@example.test,244,4,teacher
teacher.b@example.test,245,4,teacher
teacher.b@example.test,246,4,teacher
teacher.b@example.test,247,4,teacher
teacher.b@example.test,248,4,teacher
teacher.b@example.test,249,4,teacher
teacher.b@example.test,250,4,teacher
teacher.b@example.test,251,4,teacher
teacher.b@example.test,252,4,teacher
teacher.b@example.test,253,4,teacher
teacher.b@example.test,254,4,teacher
teacher.b@example.test,255,4,teacher
teacher.b@example.test,256,4,teacher
teacher.b@example.test,257,4,teacher
teacher.b@example.test,258,4,teacher
teacher.b@example.test,259,4,teacher
teacher.b@example.test,260,4,teacher
teacher.b@example.test,261,4,teacher
teacher.b@example.test,262,4,teacher
teacher.b@example.test,263,4,teacher
teacher.b@example.test,264,4,teacher
teacher.b@example.test,265,4,teacher
teacher.b@example.test,266,4,teacher
teacher.b@example.test,267,4,teacher
teacher.b@example.test,268,4,teacher
teacher.b@example.test,269,4,teacher
teacher.b@example.test,270,4,teacher
teacher.b@example.test,271,4,teacher
teacher.b@example.test,272,4,teacher
teacher.b@example.test,273,4,teacher
teacher.b@example.test,274,4,teacher
teacher.b@example.test,275,4,teacher
teacher.b@example.test,276,4,teacher
teacher.b@example.test,277,4,teacher
teacher.b@example.test,278,4,teacher
teacher.b@example.test,279,4,teacher
teacher.b@example.test,280,4,teacher
teacher.b@example.test,281,4,teacher
teacher.b@example.test,282,4,teacher
teacher.b@example.test,283,4,teacher
teacher.b@example.test,284,4,teacher
teacher.b@example.test,285,4,teacher
teacher.b@example.test,286,4,teacher
teacher.b@example.test,287,4,teacher
teacher.b@example.test,288,4,teacher
teacher.b@example.test,289,4,teacher
teacher.b@example.test,290,4,teacher
teacher.b@example.test,291,4,teacher
teacher.b@example.test,292,4,teacher
teacher.b@example.test,293,4,teacher
teacher.b@example.test,294,4,teacher
teacher.b@example.test,295,4,teacher
teacher.b@example.test,296,4,teacher
teacher.b@example.test,297,4,teacher
teacher.b@example.test,298,4,teacher
teacher.b@example.test,299,4,teacher
teacher.b@example.test,300,4,teacher
teacher.b@example.test,301,4,teacher
teacher.b@example.test,302,4,teacher
teacher.b@example.test,303,4,teacher
teacher.b@example.test,304,4,teacher
teacher.b@example.test,305,4,teacher
teacher.b@example.test,306,4,teacher
teacher.b@example.test,307,4,teacher
teacher.b@example.test,308,4,teacher
teacher.b@example.test,309,4,teacher
teacher.b@example.test,310,4,teacher
teacher.b@example.test,311,4,teacher
teacher.b@example.test,312,4,teacher
teacher.b@example.test,313,4,teacher
teacher.b@example.test,314,4,teacher
teacher.b@example.test,315,4,teacher
teacher.b@example.test,316,4,teacher
teacher.b@example.test,317,4,teacher
teacher.b@example.test,318,4,teacher
teacher.b@example.test,319,4,teacher
teacher.b@example.test,320,4,teacher
teacher.b@example.test,321,5,teacher
teacher.b@example.test,322,5,teacher
teacher.b@example.test,323,5,teacher
teacher.b@example.test,324,5,teacher
teacher.b@example.test,325,5,teacher
teacher.b@example.test,326,5,teacher
teacher.b@example.test,327,5,teacher
teacher.b@example.test,328,5,teacher
teacher.b@example.test,329,5,teacher
teacher.b@example.test,330,5,teacher
teacher.b@example.test,331,5,teacher
teacher.b@example.test,332,5,teacher
teacher.b@example.test,333,5,teacher
teacher.b@example.test,334,5,teacher
teacher.b@example.test,335,5,teacher
teacher.b@example.test,336,5,teacher
teacher.b@example.test,337,5,teacher
teacher.b@example.test,338,5,teacher
teacher.b@example.test,339,5,teacher
teacher.b@example.test,340,5,teacher
teacher.b@example.test,341,5,teacher
teacher.b@example.test,342,5,teacher
teacher.b@example.test,343,5,teacher
teacher.b@example.test,344,5,teacher
teacher.b@example.test,345,5,teacher
teacher.b@example.test,346,5,teacher
teacher.b@example.test,347,5,teacher
teacher.b@example.test,348,5,teacher
teacher.b@example.test,349,5,teacher
teacher.b@example.test,350,5,teacher
teacher.b@example.test,351,5,teacher
teacher.b@example.test,352,5,teacher
teacher.b@example.test,353,5,teacher
teacher.b@example.test,354,5,teacher
teacher.b@example.test,355,5,teacher
teacher.b@example.test,356,5,teacher
teacher.b@example.test,357,5,teacher
teacher.b@example.test,358,5,teacher
teacher.b@example.test,359,5,teacher
teacher.b@example.test,360,5,teacher
teacher.b@example.test,361,5,teacher
teacher.b@example.test,362,5,teacher
teacher.b@example.test,363,5,teacher
teacher.b@example.test,364,5,teacher
teacher.b@example.test,365,5,teacher
teacher.b@example.test,366,5,teacher
teacher.b@example.test,367,5,teacher
teacher.b@example.test,368,5,teacher
teacher.b@example.test,369,5,teacher
teacher.b@example.test,370,5,teacher
teacher.b@example.test,371,5,teacher
teacher.b@example.test,372,5,teacher
teacher.b@example.test,373,5,teacher
teacher.b@example.test,374,5,teacher
teacher.b@example.test,375,5,teacher
teacher.b@example.test,376,5,teacher
teacher.b@example.test,377,5,teacher
teacher.b@example.test,378,5,teacher
teacher.b@example.test,379,5,teacher
teacher.b@example.test,380,5,teacher
teacher.b@example.test,381,5,teacher
teacher.b@example.test,382,5,teacher
teacher.b@example.test,383,5,teacher
teacher.b@example.test,384,5,teacher
teacher.b@example.test,385,5,teacher
teacher.b@example.test,386,5,teacher
teacher.b@example.test,387,5,teacher
teacher.b@example.test,388,5,teacher
teacher.b@example.test,389,5,teacher
teacher.b@example.test,390,5,teacher
teacher.b@example.test,391,5,teacher
teacher.b@example.test,392,5,teacher
teacher.b@example.test,393,5,teacher
teacher.b@example.test,394,5,teacher
teacher.b@example.test,395,5,teacher
teacher.b@example.test,396,5,teacher
teacher.b@example.test,397,5,teacher
teacher.b@example.test,398,5,teacher
teacher.b@example.test,399,5,teacher
teacher.b@example.test,400,5,teacher
teacher.b@example.test,401,6,teacher
teacher.b@example.test,402,6,teacher
teacher.b@example.test,403,6,teacher
teacher.b@example.test,404,6,teacher
teacher.b@example.test,405,6,teacher
teacher.b@example.test,406,6,teacher
teacher.b@example.test,407,6,teacher
teacher.b@example.test,408,6,teacher
teacher.b@example.test,409,6,teacher
teacher.b@example.test,410,6,teacher
teacher.b@example.test,411,6,teacher
teacher.b@example.test,412,6,teacher
teacher.b@example.test,413,6,teacher
teacher.b@example.test,414,6,teacher
teacher.b@example.test,415,6,teacher
teacher.b@example.test,416,6,teacher
teacher.b@example.test,417,6,teacher
teacher.b@example.test,418,6,teacher
teacher.b@example.test,419,6,teacher
teacher.b@example.test,420,6,teacher
teacher.b@example.test,421,6,teacher
teacher.b@example.test,422,6,teacher
teacher.b@example.test,423,6,teacher
teacher.b@example.test,424,6,teacher
teacher.b@example.test,425,6,teacher
teacher.b@example.test,426,6,teacher
teacher.b@example.test,427,6,teacher
teacher.b@example.test,428,6,teacher
teacher.b@example.test,429,6,teacher
teacher.b@example.test,430,6,teacher
teacher.b@example.test,431,6,teacher
teacher.b@example.test,432,6,teacher
teacher.b@example.test,433,6,teacher
teacher.b@example.test,434,6,teacher
teacher.b@example.test,435,6,teacher
teacher.b@example.test,436,6,teacher
teacher.b@example.test,437,6,teacher
teacher.b@example.test,438,6,teacher
teacher.b@example.test,439,6,teacher
teacher.b@example.test,440,6,teacher
teacher.b@example.test,441,6,teacher
teacher.b@example.test,442,6,teacher
teacher.b@example.test,443,6,teacher
teacher.b@example.test,444,6,teacher
teacher.b@example.test,445,6,teacher
teacher.b@example.test,446,6,teacher
teacher.b@example.test,447,6,teacher
teacher.b@example.test,448,6,teacher
teacher.b@example.test,449,6,teacher
teacher.b@example.test,450,6,teacher
teacher.b@example.test,451,6,teacher
teacher.b@example.test,452,6,teacher
teacher.b@example.test,453,6,teacher
teacher.b@example.test,454,6,teacher
teacher.b@example.test,455,6,teacher
teacher.b@example.test,456,6,teacher
teacher.b@example.test,457,6,teacher
teacher.b@example.test,458,6,teacher
teacher.b@example.test,459,6,teacher
teacher.b@example.test,460,6,teacher
teacher.b@example.test,461,6,teacher
teacher.b@example.test,462,6,teacher
teacher.b@example.test,463,6,teacher
teacher.b@example.test,464,6,teacher
teacher.b@example.test,465,6,teacher
teacher.b@example.test,466,6,teacher
teacher.b@example.test,467,6,teacher
teacher.b@example.test,468,6,teacher
teacher.b@example.test,469,6,teacher
teacher.b@example.test,470,6,teacher
teacher.b@example.test,471,6,teacher
teacher.b@example.test,472,6,teacher
teacher.b@example.test,473,6,teacher
teacher.b@example.test,474,6,teacher
teacher.b@example.test,475,6,teacher
teacher.b@example.test,476,6,teacher
teacher.b@example.test,477,6,teacher
teacher.b@example.test,478,6,teacher
teacher.b@example.test,479,6,teacher
teacher.b@example.test,480,6,teacher
student@example.test,1,1,student
parent@example.test,1,1,parent
